date,city,state,lat,lon,temp_max_f,temp_min_f,temp_avg_f,day_of_week,is_weekend,temp_range,eia_region,energy_consumption_mwh,temp_change_f,energy_change_mwh,energy_change_pct
2025-12-20,Houston,Texas,29.7604,-95.3698,46.6,40.5,43.55,Saturday,True,<50°F,ERCO,1156973.0,,,
2025-12-21,Houston,Texas,29.7604,-95.3698,46.9,43.9,45.4,Sunday,True,<50°F,ERCO,1142550.0,1.8500000000000014,-14423.0,-1.2466150895483308
2025-12-22,Houston,Texas,29.7604,-95.3698,46.8,43.7,45.25,Monday,False,<50°F,ERCO,1193281.0,-0.14999999999999858,50731.0,4.4401557918690715
2025-12-20,Phoenix,Arizona,33.4484,-112.074,45.7,41.2,43.45,Saturday,True,<50°F,AZPS,92728.0,,,
2025-12-21,Phoenix,Arizona,33.4484,-112.074,46.6,41.4,44.0,Sunday,True,<50°F,AZPS,96780.0,0.5499999999999972,4052.0,4.369769648865507
2025-12-22,Phoenix,Arizona,33.4484,-112.074,46.9,41.7,44.3,Monday,False,<50°F,AZPS,102389.0,0.29999999999999716,5609.0,5.795618929530888
2025-12-20,Seattle,Washington,47.6062,-122.3321,40.1,39.2,39.650000000000006,Saturday,True,<50°F,SCL,30340.0,,,
2025-12-21,Seattle,Washington,47.6062,-122.3321,40.6,39.6,40.1,Sunday,True,<50°F,SCL,28759.0,0.44999999999999574,-1581.0,-5.210942649967043
2025-12-22,Seattle,Washington,47.6062,-122.3321,41.4,39.2,40.3,Monday,False,<50°F,SCL,30706.0,0.19999999999999574,1947.0,6.770054591606112
