date,city,state,lat,lon,temp_max_f,temp_min_f,temp_avg_f,day_of_week,is_weekend,temp_range,eia_region,energy_consumption_mwh,temp_change_f,energy_change_mwh,energy_change_pct
2026-02-08,Houston,Texas,29.7604,-95.3698,45.9,40.5,43.2,Sunday,True,<50°F,ERCO,1101155.0,,,
2026-02-09,Houston,Texas,29.7604,-95.3698,46.4,41.5,43.95,Monday,False,<50°F,ERCO,1150702.0,0.75,49547.0,4.499548201660986
2026-02-10,Houston,Texas,29.7604,-95.3698,46.0,43.2,44.6,Tuesday,False,<50°F,ERCO,1145232.0,0.6499999999999986,-5470.0,-0.47536199641610155
2026-02-08,Phoenix,Arizona,33.4484,-112.074,47.5,42.1,44.8,Sunday,True,<50°F,AZPS,89011.0,,,
2026-02-09,Phoenix,Arizona,33.4484,-112.074,47.3,41.9,44.599999999999994,Monday,False,<50°F,AZPS,99721.0,-0.20000000000000284,10710.0,12.032220736762866
2026-02-10,Phoenix,Arizona,33.4484,-112.074,46.4,42.4,44.4,Tuesday,False,<50°F,AZPS,93275.0,-0.19999999999999574,-6446.0,-6.464034656692174
2026-02-08,Seattle,Washington,47.6062,-122.3321,40.8,39.4,40.099999999999994,Sunday,True,<50°F,SCL,26909.0,,,
2026-02-09,Seattle,Washington,47.6062,-122.3321,41.2,39.2,40.2,Monday,False,<50°F,SCL,29941.0,0.10000000000000853,3032.0,11.267605633802823
2026-02-10,Seattle,Washington,47.6062,-122.3321,41.9,38.3,40.099999999999994,Tuesday,False,<50°F,SCL,29054.0,-0.10000000000000853,-887.0,-2.9624929027086577
