date,city,state,lat,lon,temp_max_f,temp_min_f,temp_avg_f,day_of_week,is_weekend,temp_range,eia_region,energy_consumption_mwh,temp_change_f,energy_change_mwh,energy_change_pct
2025-12-21,Houston,Texas,29.7604,-95.3698,46.9,43.9,45.4,Sunday,True,<50°F,ERCO,1142550.0,,,
2025-12-22,Houston,Texas,29.7604,-95.3698,46.8,43.7,45.25,Monday,False,<50°F,ERCO,1193281.0,-0.14999999999999858,50731.0,4.4401557918690715
2025-12-23,Houston,Texas,29.7604,-95.3698,46.6,43.9,45.25,Tuesday,False,<50°F,ERCO,1213147.0,0.0,19866.0,1.6648216136852856
2025-12-21,Phoenix,Arizona,33.4484,-112.074,46.6,41.4,44.0,Sunday,True,<50°F,AZPS,96780.0,,,
2025-12-22,Phoenix,Arizona,33.4484,-112.074,46.9,41.7,44.3,Monday,False,<50°F,AZPS,102389.0,0.29999999999999716,5609.0,5.795618929530888
2025-12-23,Phoenix,Arizona,33.4484,-112.074,46.4,42.1,44.25,Tuesday,False,<50°F,AZPS,102185.0,-0.04999999999999716,-204.0,-0.19924015275077922
2025-12-21,Seattle,Washington,47.6062,-122.3321,40.6,39.6,40.1,Sunday,True,<50°F,SCL,28759.0,,,
2025-12-22,Seattle,Washington,47.6062,-122.3321,41.4,39.2,40.3,Monday,False,<50°F,SCL,30706.0,0.19999999999999574,1947.0,6.770054591606112
2025-12-23,Seattle,Washington,47.6062,-122.3321,40.1,38.7,39.400000000000006,Tuesday,False,<50°F,SCL,30653.0,-0.8999999999999915,-53.0,-0.17260470266396988
